종목코드,종목명,시장구분,업종명,종가,대비,등락률,시가총액
"095570","AJ네트웍스","KOSPI","일반서비스","4775","140","3.02","216081924225"
"006840","AK홀딩스","KOSPI","기타금융","9000","10","0.11","119228049000"
"027410","BGF","KOSPI","기타금융","3970","-65","-1.61","379995660270"
"282330","BGF리테일","KOSPI","유통","109700","1400","1.29","1896044488200"
"138930","BNK금융지주","KOSPI","기타금융","15300","250","1.66","4810704856200"
"001460","BYC","KOSPI","섬유·의류","41200","550","1.35","257341380000"
"001465","BYC우","KOSPI","섬유·의류","23700","-200","-0.84","51046245000"
"001040","CJ","KOSPI","기타금융","174900","-1200","-0.68","5103056950200"
"079160","CJ CGV","KOSPI","오락·문화","6030","310","5.42","998456378670"
"00104K","CJ4우(전환)","KOSPI","기타금융","152700","-800","-0.52","645388382400"
"000120","CJ대한통운","KOSPI","운송·창고","93300","2000","2.19","2128391695200"
"011150","CJ씨푸드","KOSPI","음식료·담배","2725","-5","-0.18","97911356425"
"011155","CJ씨푸드1우","KOSPI","음식료·담배","14220","-310","-2.13","2844000000"
"001045","CJ우","KOSPI","기타금융","87600","-400","-0.45","197995534800"
"097950","CJ제일제당","KOSPI","음식료·담배","210500","1000","0.48","3168906153000"
"097955","CJ제일제당 우","KOSPI","음식료·담배","137700","100","0.07","182787524100"
"000480","CR홀딩스","KOSPI","비금속","4985","30","0.61","233749092650"
"000590","CS홀딩스","KOSPI","기타금융","78000","-900","-1.14","90049596000"
"012030","DB","KOSPI","IT 서비스","1449","-5","-0.34","291501028917"
"005830","DB손해보험","KOSPI","보험","127200","2700","2.17","9005760000000"
"016610","DB증권","KOSPI","증권","10480","-20","-0.19","444838156720"
"000990","DB하이텍","KOSPI","전기·전자","64500","900","1.42","2806045926000"
"000300","DH오토넥스","KOSPI","운송장비·부품","1984","0","0.00","164422234240"
"001530","DI동일","KOSPI","유통","20100","390","1.98","396558528000"
"015590","DKME","KOSPI","기계·장비","515","0","0.00","122045495160"
"000210","DL","KOSPI","화학","39000","-150","-0.38","817279476000"
"000215","DL우","KOSPI","화학","25750","350","1.38","43417461250"
"375500","DL이앤씨","KOSPI","건설","39600","-650","-1.61","1532267470800"
"37550L","DL이앤씨2우(전환)","KOSPI","건설","29200","-100","-0.34","61668969200"
"37550K","DL이앤씨우","KOSPI","건설","21900","-450","-2.01","46294081500"
"007340","DN오토모티브","KOSPI","전기·전자","24200","100","0.41","1415962933000"
"004840","DRB동일","KOSPI","화학","4865","10","0.21","96959450000"
"155660","DSR","KOSPI","금속","3905","5","0.13","62480000000"
"069730","DSR제강","KOSPI","금속","3645","55","1.53","52488000000"
"017860","DS단석","KOSPI","화학","19820","350","1.80","348519081840"
"092780","DYP","KOSPI","운송장비·부품","3350","-80","-2.33","44114341000"
"017940","E1","KOSPI","유통","82000","-700","-0.85","562520000000"
"365550","ESR켄달스퀘어리츠","KOSPI","부동산","4375","-20","-0.46","1076639375000"
"383220","F&F","KOSPI","섬유·의류","71300","-1300","-1.79","2731294447500"
"007700","F&F홀딩스","KOSPI","기타금융","20200","-400","-1.94","790110213400"
"114090","GKL","KOSPI","오락·문화","14970","460","3.17","925979379900"
"078930","GS","KOSPI","기타금융","56300","-100","-0.18","5231135781400"
"006360","GS건설","KOSPI","건설","18820","-500","-2.59","1610643641800"
"001250","GS글로벌","KOSPI","유통","2350","-40","-1.67","193954345400"
"007070","GS리테일","KOSPI","유통","21850","300","1.39","1826822017750"
"078935","GS우","KOSPI","기타금융","47550","50","0.11","84868476300"
"499790","GS피앤엘","KOSPI","기타금융","48100","2250","4.91","953863452100"
"012630","HDC","KOSPI","기타금융","17320","-110","-0.63","1034726607720"
"039570","HDC랩스","KOSPI","건설","8490","180","2.17","220380032490"
"089470","HDC현대EP","KOSPI","화학","4070","-20","-0.49","129833000000"
"294870","HDC현대산업개발","KOSPI","건설","19440","-190","-0.97","1281238495200"
"009540","HD한국조선해양","KOSPI","기타금융","403000","-7000","-1.71","28521565748000"
"267250","HD현대","KOSPI","기타금융","188300","-8200","-4.17","14874397905500"
"267270","HD현대건설기계","KOSPI","기계·장비","92800","-1000","-1.07","1610786486400"
"443060","HD현대마린솔루션","KOSPI","일반서비스","181500","-4600","-2.47","8136501615000"
"071970","HD현대마린엔진","KOSPI","기계·장비","76300","-1200","-1.55","2588210068500"
"010620","HD현대미포","KOSPI","운송장비·부품","223000","0","0.00","8907099227000"
"322000","HD현대에너지솔루션","KOSPI","전기·전자","53100","-1400","-2.57","594720000000"
"042670","HD현대인프라코어","KOSPI","기계·장비","14470","-140","-0.96","2732677413860"
"267260","HD현대일렉트릭","KOSPI","전기·전자","746000","-29000","-3.74","26891162710000"
"329180","HD현대중공업","KOSPI","운송장비·부품","515000","-20000","-3.74","45718154740000"
"097230","HJ중공업","KOSPI","건설","21450","650","3.13","1936835128800"
"014790","HL D&I","KOSPI","건설","2550","-35","-1.35","96539432550"
"003580","HLB글로벌","KOSPI","유통","2270","20","0.89","115006156350"
"204320","HL만도","KOSPI","운송장비·부품","51200","4600","9.87","2404204544000"
"060980","HL홀딩스","KOSPI","기타금융","48850","1400","2.95","450078351450"
"011200","HMM","KOSPI","운송·창고","19980","840","4.39","18845894640600"
"035000","HS애드","KOSPI","일반서비스","9050","200","2.26","149935051450"
"002460","HS화성","KOSPI","건설","12090","240","2.03","122713500000"
"487570","HS효성","KOSPI","기타금융","62500","-100","-0.16","232870437500"
"298050","HS효성첨단소재","KOSPI","화학","193700","-3200","-1.63","867765927600"
"003560","IHQ","KOSPI","오락·문화","10760","0","0.00","76220934800"
"015360","INVENI","KOSPI","일반서비스","63400","500","0.79","361380000000"
"175330","JB금융지주","KOSPI","기타금융","24250","150","0.62","4604701574250"
"234080","JW생명과학","KOSPI","제약","15050","80","0.53","238310037700"
"001060","JW중외제약","KOSPI","제약","25950","-100","-0.38","604269883500"
"001067","JW중외제약2우B","KOSPI","제약","61000","0","0.00","12808353000"
"001065","JW중외제약우","KOSPI","제약","27450","0","0.00","9386554950"
"096760","JW홀딩스","KOSPI","기타금융","3670","0","0.00","271304537140"
"008970","KBI동양철관","KOSPI","금속","1915","-51","-2.59","153010236905"
"105560","KB금융","KOSPI","기타금융","126300","1500","1.20","48178663608900"
"415640","KB발해인프라","KOSPI","기타금융","9720","-30","-0.31","1191142726560"
"432320","KB스타리츠","KOSPI","부동산","3630","-5","-0.14","368133854550"
"002380","KCC","KOSPI","화학","418500","1500","0.36","3718988113500"
"344820","KCC글라스","KOSPI","비금속","27300","-150","-0.55","435994977600"
"009070","KCTC","KOSPI","운송·창고","5240","10","0.19","157200000000"
"009440","KC그린홀딩스","KOSPI","기타금융","756","0","0.00","17568790596"
"119650","KC코트렐","KOSPI","기계·장비","918","0","0.00","100782913662"
"092220","KEC","KOSPI","전기·전자","724","14","1.97","145352514084"
"003620","KG모빌리티","KOSPI","운송장비·부품","3315","-35","-1.04","670872833280"
"016380","KG스틸","KOSPI","금속","5390","-20","-0.37","539047954830"
"001390","KG케미칼","KOSPI","화학","5460","-10","-0.18","373840958400"
"033180","KH 필룩스","KOSPI","전기·전자","5310","0","0.00","138166306200"
"001940","KISCO홀딩스","KOSPI","금속","26550","550","2.12","376382889000"
"025000","KPX케미칼","KOSPI","화학","52900","0","0.00","256036000000"
"092230","KPX홀딩스","KOSPI","화학","72900","-300","-0.41","307976693400"
"000040","KR모터스","KOSPI","운송장비·부품","494","11","2.28","42669340896"
"044450","KSS해운","KOSPI","운송·창고","9560","90","0.95","220701012800"
"030200","KT","KOSPI","통신","50400","0","0.00","12701892924000"
"033780","KT&G","KOSPI","음식료·담배","143500","-2000","-1.37","16929648557500"
"058850","KTcs","KOSPI","IT 서비스","2795","-35","-1.24","119304575000"
"058860","KTis","KOSPI","IT 서비스","2715","-20","-0.73","94487430000"
"093050","LF","KOSPI","섬유·의류","17760","60","0.34","519302400000"
"003550","LG","KOSPI","기타금융","79300","500","0.63","12229771690500"
"034220","LG디스플레이","KOSPI","전기·전자","12330","-210","-1.67","6165000000000"
"051900","LG생활건강","KOSPI","화학","276000","-500","-0.18","4223478684000"
"051905","LG생활건강우","KOSPI","화학","116700","500","0.43","245034639900"
"064400","LG씨엔에스","KOSPI","IT 서비스","57200","-800","-1.38","5541876225600"
"373220","LG에너지솔루션","KOSPI","전기·전자","413000","5000","1.23","96642000000000"
"003555","LG우","KOSPI","기타금융","67200","200","0.30","202352572800"
"032640","LG유플러스","KOSPI","통신","15240","180","1.20","6550584130200"
"011070","LG이노텍","KOSPI","전기·전자","237500","500","0.21","5620937912500"
"066570","LG전자","KOSPI","전기·전자","85400","-200","-0.23","13910497449800"
"066575","LG전자우","KOSPI","전기·전자","47500","650","1.39","816334620000"
"037560","LG헬로비전","KOSPI","오락·문화","2320","0","0.00","179676726800"
"051910","LG화학","KOSPI","화학","372000","-2000","-0.53","26260351596000"
"051915","LG화학우","KOSPI","화학","191900","1000","0.52","1475480720000"
"079550","LIG넥스원","KOSPI","금속","368000","-15000","-3.92","8096000000000"
"006260","LS","KOSPI","기타금융","173900","-5000","-2.79","5512630000000"
"010120","LS ELECTRIC","KOSPI","전기·전자","443000","-17000","-3.70","13290000000000"
"000680","LS네트웍스","KOSPI","유통","3270","175","5.65","257685862320"
"229640","LS에코에너지","KOSPI","기타금융","34600","-800","-2.26","1059620813400"
"108320","LX세미콘","KOSPI","전기·전자","51800","0","0.00","842490740000"
"001120","LX인터내셔널","KOSPI","유통","31300","-250","-0.79","1213188000000"
"108670","LX하우시스","KOSPI","화학","30000","-500","-1.64","269030100000"
"108675","LX하우시스우","KOSPI","화학","17120","50","0.29","17673489600"
"383800","LX홀딩스","KOSPI","기타금융","7980","10","0.13","608719906200"
"38380K","LX홀딩스1우","KOSPI","기타금융","8520","-130","-1.50","12484228200"
"023150","MH에탄올","KOSPI","음식료·담배","4995","5","0.10","36855737370"
"035420","NAVER","KOSPI","IT 서비스","243000","-1000","-0.41","38115191034000"
"181710","NHN","KOSPI","IT 서비스","33350","400","1.21","1126100202050"
"400760","NH올원리츠","KOSPI","부동산","3545","-5","-0.14","194724279875"
"005940","NH투자증권","KOSPI","증권","20650","0","0.00","7358511219850"
"005945","NH투자증권우","KOSPI","증권","18970","0","0.00","357982262960"
"338100","NH프라임리츠","KOSPI","부동산","4505","15","0.33","84063300000"
"034310","NICE","KOSPI","일반서비스","13530","-20","-0.15","502347820260"
"030190","NICE평가정보","KOSPI","IT 서비스","16850","-350","-2.03","1002686092050"
"008260","NI스틸","KOSPI","금속","3315","-15","-0.45","94809387855"
"004250","NPC","KOSPI","화학","3895","-15","-0.38","143024400000"
"004255","NPC우","KOSPI","화학","2490","5","0.20","13147200000"
"456040","OCI","KOSPI","화학","59600","0","0.00","533568702000"
"010060","OCI홀딩스","KOSPI","기타금융","101200","-2900","-2.79","1904069600400"
"178920","PI첨단소재","KOSPI","화학","16630","-30","-0.18","488361934860"
"001340","PKC","KOSPI","화학","5940","60","1.02","266815337580"
"005490","POSCO홀딩스","KOSPI","금속","309000","-500","-0.16","25008282168000"
"010950","S-Oil","KOSPI","화학","77900","1200","1.56","8770199496800"
"010955","S-Oil우","KOSPI","화학","45400","950","2.14","182595485800"
"034120","SBS","KOSPI","오락·문화","19250","-50","-0.26","357111331500"
"003080","SB성보","KOSPI","화학","2915","15","0.52","58358300000"
"005090","SGC에너지","KOSPI","전기·가스","23350","100","0.43","336457925550"
"001380","SG글로벌","KOSPI","운송장비·부품","1757","12","0.69","79001999251"
"004060","SG세계물산","KOSPI","유통","327","-6","-1.80","66192961920"
"001770","SHD","KOSPI","금속","17820","80","0.45","21649125960"
"002360","SH에너지화학","KOSPI","화학","414","24","6.15","46009364220"
"009160","SIMPAC","KOSPI","금속","4990","-10","-0.20","326493284840"
"033530","SJG세종","KOSPI","운송장비·부품","8500","-100","-1.16","236478168500"
"123700","SJM","KOSPI","운송장비·부품","3705","-5","-0.13","57816147090"
"025530","SJM홀딩스","KOSPI","유통","3780","-5","-0.13","56450550240"
"034730","SK","KOSPI","기타금융","253000","-12500","-4.71","18343183859000"
"011790","SKC","KOSPI","화학","109200","-2000","-1.80","4135218141600"
"018670","SK가스","KOSPI","유통","237000","-2000","-0.84","2191122828000"
"001740","SK네트웍스","KOSPI","유통","4695","125","2.74","1038899749890"
"006120","SK디스커버리","KOSPI","기타금융","59000","-900","-1.50","1082523445000"
"006125","SK디스커버리우","KOSPI","기타금융","38400","-750","-1.92","50398272000"
"210980","SK디앤디","KOSPI","부동산","12650","10","0.08","235509882300"
"395400","SK리츠","KOSPI","부동산","5270","10","0.19","1564234122130"
"302440","SK바이오사이언스","KOSPI","제약","53400","-1400","-2.55","4184912343000"
"326030","SK바이오팜","KOSPI","일반서비스","137900","-1900","-1.36","10799397175000"
"402340","SK스퀘어","KOSPI","기타금융","302000","4000","1.34","40027339116000"
"361610","SK아이이테크놀로지","KOSPI","전기·전자","28950","450","1.58","2367736545000"
"100090","SK오션플랜트","KOSPI","금속","18020","-530","-2.86","1125855884580"
"03473K","SK우","KOSPI","기타금융","190100","-5900","-3.01","107622263500"
"096770","SK이노베이션","KOSPI","화학","114600","-400","-0.35","19373449504800"
"096775","SK이노베이션우","KOSPI","화학","74900","-500","-0.66","93507107400"
"475150","SK이터닉스","KOSPI","건설","19510","-590","-2.94","658541359420"
"001510","SK증권","KOSPI","증권","656","-4","-0.61","310019152176"
"001515","SK증권우","KOSPI","증권","2125","25","1.19","8314092250"
"285130","SK케미칼","KOSPI","화학","71500","200","0.28","1236861769000"
"28513K","SK케미칼우","KOSPI","화학","29650","450","1.54","62722469850"
"017670","SK텔레콤","KOSPI","통신","53500","0","0.00","11491267835500"
"000660","SK하이닉스","KOSPI","전기·전자","538000","8000","1.51","391665272370000"
"003570","SNT다이내믹스","KOSPI","운송장비·부품","41200","-1150","-2.72","1370011116400"
"064960","SNT모티브","KOSPI","운송장비·부품","30600","-500","-1.61","812132323200"
"100840","SNT에너지","KOSPI","기계·장비","39200","1150","3.02","810686693600"
"036530","SNT홀딩스","KOSPI","기타금융","55000","0","0.00","896713730000"
"005610","SPC삼립","KOSPI","음식료·담배","52400","300","0.58","452160071600"
"011810","STX","KOSPI","유통","3530","0","0.00","109493282310"
"465770","STX그린로지스","KOSPI","운송·창고","6470","0","0.00","46396577040"
"077970","STX엔진","KOSPI","기계·장비","31950","-600","-1.84","1282730612850"
"002820","SUN&L","KOSPI","종이·목재","2495","25","1.01","31456932555"
"084870","TBH글로벌","KOSPI","섬유·의류","1265","-15","-1.17","26383876035"
"002710","TCC스틸","KOSPI","금속","16400","-30","-0.18","429904630800"
"069260","TKG휴켐스","KOSPI","화학","18580","-60","-0.32","759524165040"
"007980","TP","KOSPI","섬유·의류","1780","-23","-1.28","91091731400"
"002900","TYM","KOSPI","기계·장비","6290","60","0.96","283370513240"
"024070","WISCOM","KOSPI","화학","1890","-47","-2.43","28966967820"
"037270","YG PLUS","KOSPI","IT 서비스","6330","-80","-1.25","402987486300"
"139130","iM금융지주","KOSPI","기타금융","14400","100","0.70","2333587190400"
"000500","가온전선","KOSPI","전기·전자","72500","-2200","-2.95","1199375837500"
"000860","강남제비스코","KOSPI","화학","11980","-60","-0.50","155740000000"
"035250","강원랜드","KOSPI","오락·문화","18060","70","0.39","3863765430000"
"011420","갤럭시아에스엠","KOSPI","오락·문화","1969","-21","-1.06","54245249036"
"002100","경농","KOSPI","화학","9290","60","0.65","181364721750"
"009450","경동나비엔","KOSPI","전기·전자","58100","-1100","-1.86","846435195200"
"267290","경동도시가스","KOSPI","전기·가스","21350","50","0.23","125866918100"
"012320","경동인베스트","KOSPI","기타금융","50500","-300","-0.59","119433661500"
"000050","경방","KOSPI","유통","7070","-10","-0.14","193825958900"
"214390","경보제약","KOSPI","제약","6050","10","0.17","144636503000"
"012610","경인양행","KOSPI","화학","3330","495","17.46","138582495450"
"009140","경인전자","KOSPI","전기·전자","20450","50","0.25","32122798650"
"013580","계룡건설","KOSPI","건설","18750","60","0.32","167454506250"
"012200","계양전기","KOSPI","기계·장비","1405","8","0.57","38248074745"
"012205","계양전기우","KOSPI","기계·장비","2880","10","0.35","3366947520"
"002140","고려산업","KOSPI","음식료·담배","2485","-10","-0.40","61974471125"
"010130","고려아연","KOSPI","금속","1368000","26000","1.94","26461583784000"
"002240","고려제강","KOSPI","금속","18400","-100","-0.54","496800000000"
"009290","광동제약","KOSPI","제약","6050","40","0.67","317146148550"
"017040","광명전기","KOSPI","전기·전자","1284","-37","-2.80","55645497660"
"017900","광전자","KOSPI","전기·전자","1820","-13","-0.71","105457648660"
"037710","광주신세계","KOSPI","유통","30700","-50","-0.16","244285733000"
"030610","교보증권","KOSPI","증권","9190","50","0.55","1047319611590"
"339770","교촌에프앤비","KOSPI","유통","4430","40","0.91","221345304400"
"007690","국도화학","KOSPI","화학","31100","-100","-0.32","288011875200"
"001140","국보","KOSPI","운송·창고","2110","0","0.00","33456978680"
"002720","국제약품","KOSPI","제약","4330","-15","-0.35","91622072560"
"083420","그린케미칼","KOSPI","화학","6840","20","0.29","164160000000"
"014530","극동유화","KOSPI","화학","3350","25","0.75","116812557000"
"014280","금강공업","KOSPI","금속","6390","-170","-2.59","187414591230"
"014285","금강공업우","KOSPI","금속","11500","210","1.86","6783562500"
"008870","금비","KOSPI","비금속","52100","-4900","-8.60","52100000000"
"001570","금양","KOSPI","화학","9900","0","0.00","633275240400"
"002990","금호건설","KOSPI","건설","3775","5","0.13","139662769000"
"002995","금호건설우","KOSPI","건설","10960","-190","-1.70","3203235360"
"011780","금호석유화학","KOSPI","화학","116600","-300","-0.26","3035301117200"
"011785","금호석유화학우","KOSPI","화학","63000","-300","-0.47","190479618000"
"214330","금호에이치티","KOSPI","운송장비·부품","560","1","0.18","122106045600"
"001210","금호전기","KOSPI","전기·전자","628","-1","-0.16","38655910116"
"073240","금호타이어","KOSPI","화학","5670","-190","-3.24","1628765827290"
"092440","기신정기","KOSPI","기계·장비","2330","-10","-0.43","68036000000"
"000270","기아","KOSPI","운송장비·부품","112300","-1800","-1.58","43843379675400"
"024110","기업은행","KOSPI","은행","20700","150","0.73","16506715488300"
"013700","까뮤이앤씨","KOSPI","건설","1069","0","0.00","63873637270"
"004540","깨끗한나라","KOSPI","종이·목재","1935","-1","-0.05","72060740955"
"004545","깨끗한나라우","KOSPI","종이·목재","11280","80","0.71","4130284800"
"001260","남광토건","KOSPI","건설","7250","-70","-0.96","71286147000"
"008350","남선알미늄","KOSPI","금속","1048","-5","-0.47","135274886320"
"008355","남선알미우","KOSPI","금속","12350","280","2.32","3802441500"
"004270","남성","KOSPI","유통","845","1","0.12","30599275200"
"003920","남양유업","KOSPI","음식료·담배","50900","-800","-1.55","305400000000"
"003925","남양유업우","KOSPI","음식료·담배","34050","-400","-1.16","68100000000"
"025860","남해화학","KOSPI","화학","6540","-40","-0.61","324899633220"
"005720","넥센","KOSPI","화학","5870","10","0.17","314303144990"
"005725","넥센우","KOSPI","화학","4470","-130","-2.83","16094682000"
"002350","넥센타이어","KOSPI","화학","7330","-120","-1.61","715905538410"
"002355","넥센타이어1우B","KOSPI","화학","3570","0","0.00","23205000000"
"092790","넥스틸","KOSPI","금속","9700","-30","-0.31","252219400000"
"251270","넷마블","KOSPI","IT 서비스","53800","800","1.51","4624298407600"
"090350","노루페인트","KOSPI","화학","8190","0","0.00","163800000000"
"090355","노루페인트우","KOSPI","화학","13100","-180","-1.36","6066950600"
"000320","노루홀딩스","KOSPI","기타금융","21550","-250","-1.15","286424304050"
"000325","노루홀딩스우","KOSPI","기타금융","30850","150","0.49","7513795150"
"006280","녹십자","KOSPI","제약","137200","1600","1.18","1603393013600"
"005250","녹십자홀딩스","KOSPI","일반서비스","16120","-70","-0.43","758094745200"
"005257","녹십자홀딩스2우","KOSPI","일반서비스","24550","-50","-0.20","20769054500"
"004370","농심","KOSPI","음식료·담배","436000","-11000","-2.46","2652031912000"
"072710","농심홀딩스","KOSPI","기타금융","93900","-200","-0.21","435488481000"
"058730","다스코","KOSPI","금속","3305","140","4.42","62123890005"
"030210","다올투자증권","KOSPI","증권","3460","-10","-0.29","210752426760"
"023590","다우기술","KOSPI","IT 서비스","35400","-450","-1.26","1588278241800"
"145210","다이나믹디자인","KOSPI","기계·장비","793","-1","-0.13","29970413616"
"483650","달바글로벌","KOSPI","화학","131200","-3800","-2.81","1619521648000"
"019680","대교","KOSPI","일반서비스","1954","-18","-0.91","165509368900"
"019685","대교우B","KOSPI","일반서비스","1220","3","0.25","23700927800"
"006370","대구백화점","KOSPI","유통","5930","-110","-1.82","64172153230"
"008060","대덕","KOSPI","기타금융","10280","-60","-0.58","348390742000"
"00806K","대덕1우","KOSPI","기타금융","9240","-40","-0.43","11202178680"
"353200","대덕전자","KOSPI","전기·전자","48300","-900","-1.83","2386837477500"
"35320K","대덕전자1우","KOSPI","전기·전자","15240","-460","-2.93","31935709560"
"000490","대동","KOSPI","기계·장비","9560","-50","-0.52","252313810480"
"008110","대동전자","KOSPI","전기·전자","15040","0","0.00","157776322880"
"005750","대림바스","KOSPI","비금속","4935","-135","-2.66","82277504400"
"006570","대림통상","KOSPI","금속","2480","-120","-4.62","37758000000"
"001680","대상","KOSPI","음식료·담배","21100","0","0.00","731073327500"
"001685","대상우","KOSPI","음식료·담배","16750","20","0.12","22951235250"
"084690","대상홀딩스","KOSPI","기타금융","9490","-70","-0.73","343656985620"
"084695","대상홀딩스우","KOSPI","기타금융","13450","-70","-0.52","12286332900"
"128820","대성산업","KOSPI","유통","4380","-60","-1.35","198131393640"
"117580","대성에너지","KOSPI","전기·가스","8120","20","0.25","223300000000"
"016710","대성홀딩스","KOSPI","일반서비스","8530","-20","-0.23","137243085270"
"0030R0","대신밸류리츠","KOSPI","기타금융","4640","40","0.87","277379200000"
"003540","대신증권","KOSPI","증권","27100","0","0.00","1375959140000"
"003547","대신증권2우B","KOSPI","증권","19660","-110","-0.56","196600000000"
"003545","대신증권우","KOSPI","증권","20650","-50","-0.24","536900000000"
"009190","대양금속","KOSPI","금속","1378","-6","-0.43","59519437250"
"014160","대영포장","KOSPI","종이·목재","1064","14","1.33","115331800136"
"047040","대우건설","KOSPI","건설","3475","-45","-1.28","1444288667050"
"003090","대웅","KOSPI","제약","24050","150","0.63","1398314619000"
"069620","대웅제약","KOSPI","제약","182000","5700","3.23","2108756650000"
"000430","대원강업","KOSPI","운송장비·부품","3820","0","0.00","236840000000"
"006340","대원전선","KOSPI","전기·전자","3720","-290","-7.23","284034171840"
"006345","대원전선우","KOSPI","전기·전자","3675","-130","-3.42","9632910000"
"003220","대원제약","KOSPI","제약","12510","-130","-1.03","280569063330"
"024890","대원화성","KOSPI","화학","747","-7","-0.93","30813116544"
"002880","대유에이텍","KOSPI","운송장비·부품","1061","-17","-1.58","49627208695"
"012800","대창","KOSPI","금속","1260","14","1.12","114837028740"
"015230","대창단조","KOSPI","운송장비·부품","6090","-130","-2.09","174004880700"
"001070","대한방직","KOSPI","섬유·의류","6420","20","0.31","34026000000"
"006650","대한유화","KOSPI","화학","140800","-1200","-0.85","915200000000"
"001440","대한전선","KOSPI","전기·전자","21550","-650","-2.93","4017939315000"
"084010","대한제강","KOSPI","금속","16550","120","0.73","387508270350"
"001790","대한제당","KOSPI","음식료·담배","2895","15","0.52","259671599100"
"001795","대한제당우","KOSPI","음식료·담배","2480","10","0.40","16077244800"
"001130","대한제분","KOSPI","음식료·담배","143000","500","0.35","241670000000"
"439260","대한조선","KOSPI","운송장비·부품","68200","-300","-0.44","2627494478400"
"003490","대한항공","KOSPI","운송·창고","21950","100","0.46","8082443508950"
"003495","대한항공우","KOSPI","운송·창고","24050","0","0.00","26714595700"
"005880","대한해운","KOSPI","운송·창고","1770","56","3.27","571262791800"
"003830","대한화섬","KOSPI","화학","117500","-2300","-1.92","156040000000"
"016090","대현","KOSPI","섬유·의류","1741","-4","-0.23","77095501710"
"069460","대호에이엘","KOSPI","금속","1701","-15","-0.87","148109390352"
"475560","더본코리아","KOSPI","유통","25550","-200","-0.78","377543152000"
"192080","더블유게임즈","KOSPI","IT 서비스","54200","1500","2.85","1165078105200"
"012510","더존비즈온","KOSPI","IT 서비스","92300","-900","-0.97","2804330963200"
"004830","덕성","KOSPI","화학","5030","30","0.60","78870400000"
"004835","덕성우","KOSPI","화학","7100","50","0.71","9883200000"
"145720","덴티움","KOSPI","의료·정밀기기","51200","-1000","-1.92","566724096000"
"002150","도화엔지니어링","KOSPI","일반서비스","6280","-40","-0.63","211761600000"
"460850","동국씨엠","KOSPI","금속","5500","80","1.48","164442608000"
"460860","동국제강","KOSPI","금속","8300","-10","-0.12","411746541100"
"001230","동국홀딩스","KOSPI","기타금융","7500","40","0.54","238503622500"
"023450","동남합성","KOSPI","화학","30250","50","0.17","105875000000"
"004140","동방","KOSPI","운송·창고","2730","25","0.92","130962921180"
"007590","동방아그로","KOSPI","화학","6110","-10","-0.16","83203395470"
"005960","동부건설","KOSPI","건설","5380","-120","-2.18","123453046940"
"005965","동부건설우","KOSPI","건설","15040","-10","-0.07","3395009280"
"026960","동서","KOSPI","유통","27250","-150","-0.55","2716825000000"
"002210","동성제약","KOSPI","제약","973","0","0.00","25900780311"
"102260","동성케미컬","KOSPI","화학","4675","10","0.21","234576497925"
"000640","동아쏘시오홀딩스","KOSPI","기타금융","114900","400","0.35","751036266600"
"170900","동아에스티","KOSPI","제약","55000","800","1.48","514395475000"
"028100","동아지질","KOSPI","건설","15810","-50","-0.32","211688026620"
"001520","동양","KOSPI","비금속","793","-12","-1.49","189276461959"
"001527","동양2우B","KOSPI","비금속","8550","20","0.23","2638264950"
"084670","동양고속","KOSPI","운송·창고","12650","-1630","-11.41","36628947850"
"082640","동양생명","KOSPI","보험","6830","60","0.89","1102079135550"
"001525","동양우","KOSPI","비금속","4760","-40","-0.83","2940399560"
"018500","동원금속","KOSPI","운송장비·부품","1306","-10","-0.76","61061942498"
"006040","동원산업","KOSPI","기타금융","43950","-1550","-3.41","1940303984700"
"030720","동원수산","KOSPI","농업, 임업 및 어업","6120","30","0.49","28481286600"
"014820","동원시스템즈","KOSPI","화학","27450","-400","-1.44","795810690900"
"014825","동원시스템즈우","KOSPI","화학","18070","20","0.11","4772485770"
"111380","동인기연","KOSPI","섬유·의류","13800","50","0.36","84566400000"
"163560","동일고무벨트","KOSPI","화학","6860","0","0.00","95354000000"
"004890","동일산업","KOSPI","금속","39300","100","0.26","95310949500"
"002690","동일제강","KOSPI","금속","1627","5","0.31","33028685720"
"000020","동화약품","KOSPI","제약","6160","-110","-1.75","172057855200"
"000150","두산","KOSPI","기타금융","833000","-43000","-4.91","13489464555000"
"000157","두산2우B","KOSPI","기타금융","457500","-9000","-1.93","408564885000"
"454910","두산로보틱스","KOSPI","기계·장비","74500","-3000","-3.87","4829088510000"
"241560","두산밥캣","KOSPI","기계·장비","56700","1500","2.72","5435038885500"
"034020","두산에너빌리티","KOSPI","기계·장비","74900","-1500","-1.96","47978029835400"
"000155","두산우","KOSPI","기타금융","514000","-22000","-4.10","2054181468000"
"336260","두산퓨얼셀","KOSPI","전기·전자","31300","-500","-1.57","2049953623800"
"33626K","두산퓨얼셀1우","KOSPI","전기·전자","7540","-50","-0.66","100766068000"
"33626L","두산퓨얼셀2우B","KOSPI","전기·전자","11090","-260","-2.29","33118067000"
"016740","두올","KOSPI","운송장비·부품","3845","100","2.67","110251622280"
"192650","드림텍","KOSPI","전기·전자","7040","-60","-0.85","484985888640"
"024090","디씨엠","KOSPI","금속","12530","-20","-0.16","142842000000"
"003160","디아이","KOSPI","의료·정밀기기","21300","-100","-0.47","602790000000"
"092200","디아이씨","KOSPI","운송장비·부품","9560","470","5.17","371774719640"
"377190","디앤디플랫폼리츠","KOSPI","부동산","3590","-30","-0.83","317356000000"
"013570","디와이","KOSPI","기타금융","4370","50","1.16","115016796210"
"024900","디와이덕양","KOSPI","운송장비·부품","2160","-20","-0.92","70340356800"
"210540","디와이파워","KOSPI","기계·장비","13200","70","0.53","145750545600"
"032350","롯데관광개발","KOSPI","일반서비스","19710","440","2.28","1567723229640"
"089860","롯데렌탈","KOSPI","일반서비스","31750","-350","-1.09","1152823069000"
"330590","롯데리츠","KOSPI","부동산","4050","-25","-0.61","1170323980200"
"000400","롯데손해보험","KOSPI","보험","1875","64","3.53","581880600000"
"023530","롯데쇼핑","KOSPI","유통","73500","2000","2.80","2079223492500"
"020150","롯데에너지머티리얼즈","KOSPI","전기·전자","42100","3000","7.67","2204585992300"
"280360","롯데웰푸드","KOSPI","음식료·담배","119600","-1300","-1.08","1112827050400"
"286940","롯데이노베이트","KOSPI","IT 서비스","19300","-290","-1.48","291996783100"
"004000","롯데정밀화학","KOSPI","화학","45050","-600","-1.31","1162290000000"
"004990","롯데지주","KOSPI","기타금융","26900","-550","-2.00","2822058475300"
"00499K","롯데지주우","KOSPI","기타금융","28150","-1550","-5.22","22677724450"
"005300","롯데칠성","KOSPI","음식료·담배","120400","700","0.58","1117177633600"
"005305","롯데칠성우","KOSPI","음식료·담배","68600","200","0.29","53186266000"
"011170","롯데케미칼","KOSPI","화학","72700","500","0.69","3109772961300"
"071840","롯데하이마트","KOSPI","유통","7590","0","0.00","179182534080"
"027740","마니커","KOSPI","음식료·담배","776","4","0.52","49284712928"
"357430","마스턴프리미어리츠","KOSPI","부동산","1573","5","0.32","47984847911"
"001080","만호제강","KOSPI","금속","37400","-1450","-3.73","155210000000"
"088980","맥쿼리인프라","KOSPI","기타금융","11690","170","1.48","5598598098170"
"094800","맵스리얼티","KOSPI","기타금융","5270","-40","-0.75","489236924370"
"138040","메리츠금융지주","KOSPI","기타금융","108700","100","0.09","19046606725100"
"090370","메타랩스","KOSPI","섬유·의류","1515","19","1.27","37730603835"
"118000","메타케어","KOSPI","유통","310","2","0.65","53250982840"
"017180","명문제약","KOSPI","제약","1712","0","0.00","58128313248"
"009900","명신산업","KOSPI","운송장비·부품","8560","-40","-0.47","449144338480"
"317450","명인제약","KOSPI","제약","72900","-2500","-3.32","1064340000000"
"012690","모나리자","KOSPI","종이·목재","2200","0","0.00","80456761000"
"005360","모나미","KOSPI","유통","1997","5","0.25","37737922079"
"070960","모나용평","KOSPI","일반서비스","3270","-50","-1.51","157395998910"
"009680","모토닉","KOSPI","운송장비·부품","11070","240","2.22","310513500000"
"009580","무림P&P","KOSPI","종이·목재","2565","5","0.20","159974751060"
"009200","무림페이퍼","KOSPI","종이·목재","2015","0","0.00","83842759650"
"033920","무학","KOSPI","음식료·담배","8100","-50","-0.61","230850000000"
"008420","문배철강","KOSPI","금속","2040","-30","-1.45","41827150200"
"025560","미래산업","KOSPI","의료·정밀기기","13120","130","1.00","58812420480"
"007120","미래아이앤지","KOSPI","IT 서비스","821","-5","-0.61","23709337168"
"396690","미래에셋글로벌리츠","KOSPI","부동산","2660","-5","-0.19","105351800400"
"357250","미래에셋맵스리츠","KOSPI","부동산","2665","5","0.19","66611954825"
"085620","미래에셋생명","KOSPI","보험","9410","100","1.07","1665722338490"
"006800","미래에셋증권","KOSPI","증권","21900","50","0.23","12489929335200"
"00680K","미래에셋증권2우B","KOSPI","증권","10200","310","3.13","1402500000000"
"006805","미래에셋증권우","KOSPI","증권","10590","390","3.82","149062192500"
"081660","미스토홀딩스","KOSPI","유통","43250","500","1.17","2599145036750"
"002840","미원상사","KOSPI","화학","147100","-3000","-2.00","698725000000"
"268280","미원에스씨","KOSPI","화학","135700","2900","2.18","678500000000"
"107590","미원홀딩스","KOSPI","기타금융","67700","-100","-0.15","157064000000"
"134380","미원화학","KOSPI","화학","89000","100","0.11","195734852000"
"003650","미창석유","KOSPI","화학","109700","300","0.27","190842018400"
"377740","바이오노트","KOSPI","제약","5620","-20","-0.35","573554989760"
"003610","방림","KOSPI","섬유·의류","5840","-30","-0.51","234780602720"
"035150","백산","KOSPI","화학","12900","-120","-0.92","264951384300"
"002410","범양건영","KOSPI","건설","1935","0","0.00","53173451700"
"007210","벽산","KOSPI","비금속","1721","7","0.41","115066060000"
"002760","보락","KOSPI","화학","1042","15","1.46","62415800000"
"003850","보령","KOSPI","제약","8950","10","0.11","767795502650"
"000890","보해양조","KOSPI","음식료·담배","434","2","0.46","60378135986"
"003000","부광약품","KOSPI","제약","3990","-25","-0.62","393672037290"
"001270","부국증권","KOSPI","증권","59000","-1400","-2.32","611823274000"
"001275","부국증권우","KOSPI","증권","30100","0","0.00","90300000000"
"026940","부국철강","KOSPI","금속","1993","-17","-0.85","39860000000"
"011390","부산산업","KOSPI","비금속","77600","-400","-0.51","81945600000"
"005030","부산주공","KOSPI","운송장비·부품","486","0","0.00","38288532168"
"006740","블루산업개발","KOSPI","종이·목재","861","-3","-0.35","49055981268"
"002070","비비안","KOSPI","섬유·의류","690","20","2.99","31185293130"
"100220","비상교육","KOSPI","오락·문화","5160","-20","-0.39","67063183560"
"090460","비에이치","KOSPI","전기·전자","17500","-450","-2.51","589951915000"
"005180","빙그레","KOSPI","음식료·담배","72400","-800","-1.09","691832897200"
"003960","사조대림","KOSPI","음식료·담배","37600","0","0.00","344583959200"
"008040","사조동아원","KOSPI","음식료·담배","1124","3","0.27","158646530400"
"007160","사조산업","KOSPI","음식료·담배","52400","-200","-0.38","262000000000"
"014710","사조씨푸드","KOSPI","음식료·담배","8330","-230","-2.69","143430463190"
"006090","사조오양","KOSPI","음식료·담배","9260","-20","-0.22","87254563140"
"062040","산일전기","KOSPI","전기·전자","134000","-9400","-6.56","4079656800000"
"001470","삼부토건","KOSPI","건설","347","0","0.00","79699592928"
"028050","삼성E&A","KOSPI","일반서비스","25500","-50","-0.20","4998000000000"
"448730","삼성FN리츠","KOSPI","부동산","4620","15","0.33","420651000000"
"006400","삼성SDI","KOSPI","전기·전자","299000","-500","-0.17","24095073470000"
"006405","삼성SDI우","KOSPI","전기·전자","178700","1200","0.68","289118015200"
"006660","삼성공조","KOSPI","운송장비·부품","15030","520","3.58","122138499420"
"028260","삼성물산","KOSPI","유통","226500","1500","0.67","38499687216000"
"02826K","삼성물산우B","KOSPI","유통","143000","-300","-0.21","209865370000"
"207940","삼성바이오로직스","KOSPI","제약","1649000","42000","2.61","76333778199000"
"032830","삼성생명","KOSPI","보험","153800","900","0.59","30760000000000"
"018260","삼성에스디에스","KOSPI","IT 서비스","169700","1200","0.71","13131012660000"
"0126Z0","삼성에피스홀딩스","KOSPI","기타금융","398000","-31000","-7.23","9903453502000"
"009150","삼성전기","KOSPI","전기·전자","250000","-1000","-0.40","18673424000000"
"009155","삼성전기우","KOSPI","전기·전자","115900","700","0.61","336919445600"
"005930","삼성전자","KOSPI","전기·전자","100800","300","0.30","596699502537600"
"005935","삼성전자우","KOSPI","전기·전자","76300","1300","1.73","62258866863200"
"001360","삼성제약","KOSPI","제약","1353","-19","-1.38","127401292887"
"010140","삼성중공업","KOSPI","운송장비·부품","24200","-400","-1.63","21296000000000"
"016360","삼성증권","KOSPI","증권","79300","500","0.63","7081490000000"
"068290","삼성출판사","KOSPI","오락·문화","11960","-170","-1.40","119600000000"
"029780","삼성카드","KOSPI","기타금융","54700","-200","-0.36","6337481337700"
"000810","삼성화재","KOSPI","보험","502000","20500","4.26","23097599810000"
"000815","삼성화재우","KOSPI","보험","379500","9500","2.57","1176264045000"
"006110","삼아알미늄","KOSPI","금속","24550","700","2.94","361177537800"
"0120G0","삼양바이오팜","KOSPI","제약","72300","5700","8.56","537613401000"
"145990","삼양사","KOSPI","음식료·담배","51400","-900","-1.72","530111278600"
"145995","삼양사우","KOSPI","음식료·담배","38000","250","0.66","14062660000"
"003230","삼양식품","KOSPI","음식료·담배","1346000","-99000","-6.85","10139438190000"
"002170","삼양통상","KOSPI","섬유·의류","54300","-500","-0.91","162900000000"
"272550","삼양패키징","KOSPI","화학","14060","10","0.07","215553452260"
"000070","삼양홀딩스","KOSPI","기타금융","60200","-700","-1.15","467344098200"
"003720","삼영","KOSPI","화학","7460","680","10.03","253640000000"
"002810","삼영무역","KOSPI","유통","15740","-20","-0.13","290669761520"
"005680","삼영전자","KOSPI","전기·전자","10340","0","0.00","206800000000"
"023000","삼원강재","KOSPI","운송장비·부품","2415","0","0.00","96600000000"
"004380","삼익THK","KOSPI","기계·장비","9960","0","0.00","209160000000"
"002450","삼익악기","KOSPI","기타제조","1200","0","0.00","108637098000"
"004440","삼일씨엔에스","KOSPI","비금속","4095","-25","-0.61","52137322965"
"000520","삼일제약","KOSPI","제약","10440","-140","-1.32","226462506840"
"009770","삼정펄프","KOSPI","종이·목재","31550","450","1.45","78874085050"
"005500","삼진제약","KOSPI","제약","20900","100","0.48","290510000000"
"004690","삼천리","KOSPI","전기·가스","121100","-200","-0.16","491063527500"
"010960","삼호개발","KOSPI","건설","3520","-15","-0.42","84902400000"
"004450","삼화왕관","KOSPI","금속","30700","0","0.00","66139435300"
"009470","삼화전기","KOSPI","전기·전자","29950","-450","-1.48","198083909000"
"011230","삼화전자","KOSPI","전기·전자","2880","10","0.35","55197460800"
"001820","삼화콘덴서","KOSPI","전기·전자","30700","-500","-1.60","319126500000"
"000390","삼화페인트","KOSPI","화학","5720","-70","-1.21","155603842680"
"001290","상상인증권","KOSPI","증권","680","-2","-0.29","73669241600"
"041650","상신브레이크","KOSPI","운송장비·부품","2630","-5","-0.19","56469913500"
"075180","새론오토모티브","KOSPI","운송장비·부품","3170","-5","-0.16","60864000000"
"007540","샘표","KOSPI","기타금융","49550","-350","-0.70","142495890000"
"248170","샘표식품","KOSPI","음식료·담배","29200","-150","-0.51","133393951200"
"007860","서연","KOSPI","기타금융","9480","70","0.74","222588921120"
"200880","서연이화","KOSPI","운송장비·부품","12580","90","0.72","340017737460"
"017390","서울가스","KOSPI","전기·가스","63900","-900","-1.39","319500000000"
"031210","서울보증보험","KOSPI","보험","50500","1200","2.43","3525990699000"
"004410","서울식품","KOSPI","음식료·담배","152","-1","-0.65","59306620672"
"004415","서울식품우","KOSPI","음식료·담배","1203","1","0.08","2676073500"
"021050","서원","KOSPI","금속","1041","4","0.39","49421048190"
"008490","서흥","KOSPI","화학","23750","800","3.49","274766433750"
"007610","선도전기","KOSPI","전기·전자","3000","0","0.00","54000000000"
"136490","선진","KOSPI","음식료·담배","9200","-60","-0.65","218772356800"
"014910","성문전자","KOSPI","전기·전자","1070","4","0.38","24033253950"
"014915","성문전자우","KOSPI","전기·전자","4325","-20","-0.46","2595000000"
"004980","성신양회","KOSPI","비금속","9590","-150","-1.54","235109140070"
"004985","성신양회우","KOSPI","비금속","11050","10","0.09","8128877250"
"011300","성안머티리얼스","KOSPI","섬유·의류","377","-15","-3.83","58667863475"
"000180","성창기업지주","KOSPI","일반서비스","1411","-22","-1.54","98419507600"
"002420","세기상사","KOSPI","유통","5320","-470","-8.12","31760123360"
"004360","세방","KOSPI","운송·창고","13850","50","0.36","264751101550"
"004365","세방우","KOSPI","운송·창고","8980","10","0.11","33129465000"
"004490","세방전지","KOSPI","전기·전자","66300","-600","-0.90","928200000000"
"001430","세아베스틸지주","KOSPI","금속","27550","-350","-1.25","988001378450"
"306200","세아제강","KOSPI","금속","118300","-1000","-0.84","335534290000"
"003030","세아제강지주","KOSPI","기타금융","138800","-2500","-1.77","574861991600"
"019440","세아특수강","KOSPI","금속","15560","-10","-0.06","133349200000"
"058650","세아홀딩스","KOSPI","금속","118500","-1500","-1.25","474000000000"
"013000","세우글로벌","KOSPI","유통","1178","-3","-0.25","33814526518"
"021820","세원정공","KOSPI","운송장비·부품","12100","130","1.09","121000000000"
"067830","세이브존I&C","KOSPI","유통","2445","-55","-2.20","100344988275"
"075580","세진중공업","KOSPI","운송장비·부품","17380","-230","-1.31","988043545280"
"068270","셀트리온","KOSPI","제약","185800","200","0.11","42912548040200"
"336370","솔루스첨단소재","KOSPI","전기·전자","8540","0","0.00","599656117760"
"33637K","솔루스첨단소재1우","KOSPI","전기·전자","2165","25","1.17","36607478390"
"33637L","솔루스첨단소재2우B","KOSPI","전기·전자","3735","5","0.13","14111935560"
"248070","솔루엠","KOSPI","전기·전자","16840","-110","-0.65","805225414240"
"004430","송원산업","KOSPI","화학","9480","330","3.61","227520000000"
"017550","수산세보틱스","KOSPI","기계·장비","1817","3","0.17","113379219210"
"126720","수산인더스트리","KOSPI","건설","20800","-200","-0.95","297148800000"
"053210","스카이라이프","KOSPI","오락·문화","5340","-20","-0.37","253772579700"
"204210","스타에스엠리츠","KOSPI","부동산","2035","0","0.00","15927568525"
"026890","스틱인베스트먼트","KOSPI","기타금융","11250","290","2.65","468879468750"
"134790","시디즈","KOSPI","기타제조","22350","0","0.00","44700000000"
"462870","시프트업","KOSPI","IT 서비스","38400","0","0.00","2264119296000"
"016590","신대양제지","KOSPI","종이·목재","13970","-410","-2.85","562960545400"
"029530","신도리코","KOSPI","전기·전자","48100","600","1.26","484849394900"
"004970","신라교역","KOSPI","농업, 임업 및 어업","9230","10","0.11","147680000000"
"011930","신성이엔지","KOSPI","전기·전자","1607","-11","-0.68","330797978657"
"004170","신세계","KOSPI","유통","234000","16500","7.59","2256972354000"
"035510","신세계 I&C","KOSPI","IT 서비스","16480","180","1.10","230405232000"
"031430","신세계인터내셔날","KOSPI","유통","10440","70","0.68","368980920000"
"031440","신세계푸드","KOSPI","일반서비스","37850","-2400","-5.96","146573368000"
"006880","신송홀딩스","KOSPI","유통","6710","-60","-0.89","79371637180"
"005800","신영와코루","KOSPI","섬유·의류","14790","-410","-2.70","133110000000"
"001720","신영증권","KOSPI","증권","138600","-1300","-0.93","2278584000000"
"009270","신원","KOSPI","섬유·의류","1524","-19","-1.23","168593767968"
"002700","신일전자","KOSPI","유통","1354","-14","-1.02","96198343434"
"002870","신풍","KOSPI","유통","1115","5","0.45","38978950500"
"019170","신풍제약","KOSPI","제약","14730","210","1.45","780468902700"
"019175","신풍제약우","KOSPI","제약","25650","250","0.98","56430000000"
"481850","신한글로벌액티브리츠","KOSPI","기타금융","1302","4","0.31","56607918528"
"404990","신한서부티엔디리츠","KOSPI","부동산","3620","-15","-0.41","208530309960"
"293940","신한알파리츠","KOSPI","부동산","5900","30","0.51","713546725700"
"055550","신한지주","KOSPI","기타금융","79700","1700","2.18","38693946239800"
"004080","신흥","KOSPI","유통","13520","10","0.07","128440000000"
"004770","써니전자","KOSPI","전기·전자","1560","18","1.17","55391603280"
"403550","쏘카","KOSPI","일반서비스","11590","0","0.00","380637644180"
"004920","씨아이테크","KOSPI","전기·전자","1146","-16","-1.38","59798133312"
"112610","씨에스윈드","KOSPI","금속","40600","-850","-2.05","1712158961800"
"480370","씨케이솔루션","KOSPI","건설","8340","-140","-1.65","91196740740"
"308170","씨티알모빌리티","KOSPI","운송장비·부품","4950","-20","-0.40","42619500000"
"008700","아남전자","KOSPI","전기·전자","1248","-6","-0.48","96251775360"
"090430","아모레퍼시픽","KOSPI","화학","125400","1100","0.88","7334991978600"
"090435","아모레퍼시픽우","KOSPI","화학","47750","1350","2.91","504136382500"
"002790","아모레퍼시픽홀딩스","KOSPI","화학","28350","-100","-0.35","2252639403000"
"00279K","아모레퍼시픽홀딩스3우C","KOSPI","화학","22350","200","0.90","158510670000"
"002795","아모레퍼시픽홀딩스우","KOSPI","화학","12470","290","2.38","80353811900"
"002030","아세아","KOSPI","일반서비스","396500","1000","0.25","826361510000"
"183190","아세아시멘트","KOSPI","비금속","11570","-390","-3.26","432102128900"
"002310","아세아제지","KOSPI","종이·목재","7350","0","0.00","305998948500"
"012170","아센디오","KOSPI","오락·문화","1789","68","3.95","19453126227"
"267850","아시아나IDT","KOSPI","IT 서비스","11100","10","0.09","123210000000"
"020560","아시아나항공","KOSPI","운송·창고","8210","-30","-0.36","1691183737310"
"122900","아이마켓코리아","KOSPI","유통","7980","30","0.38","266762143200"
"010780","아이에스동서","KOSPI","비금속","17700","-170","-0.95","534309475200"
"031820","아이티센씨티에스","KOSPI","IT 서비스","589","17","2.97","71299313474"
"139990","아주스틸","KOSPI","금속","3400","-40","-1.16","131768407600"
"009320","아진전자부품","KOSPI","운송장비·부품","939","2","0.21","46292484030"
"001780","알루코","KOSPI","금속","2010","-10","-0.50","194628565320"
"018250","애경산업","KOSPI","화학","13730","-150","-1.08","362608407550"
"161000","애경케미칼","KOSPI","화학","10490","160","1.55","510324957410"
"011090","에넥스","KOSPI","기타제조","484","1","0.21","29035954244"
"137310","에스디바이오센서","KOSPI","의료·정밀기기","9300","-170","-1.80","1132266648600"
"005850","에스엘","KOSPI","운송장비·부품","40300","-1100","-2.66","1871875356000"
"010580","에스엠벡셀","KOSPI","운송장비·부품","2130","20","0.95","236966248800"
"012750","에스원","KOSPI","일반서비스","74300","-700","-0.93","2823338925400"
"023960","에쓰씨엔지니어링","KOSPI","건설","1281","-121","-8.63","48724083975"
"298690","에어부산","KOSPI","운송·창고","1730","3","0.17","201787200000"
"140910","에이리츠","KOSPI","부동산","3130","0","0.00","13969290160"
"078520","에이블씨엔씨","KOSPI","화학","9600","-200","-2.04","249735945600"
"015260","에이엔피","KOSPI","전기·전자","453","2","0.44","20437952982"
"007460","에이프로젠","KOSPI","금속","712","-2","-0.28","234465181360"
"003060","에이프로젠바이오로직스","KOSPI","제약","590","7","1.20","117060628550"
"244920","에이플러스에셋","KOSPI","기타금융","8520","250","3.02","192617544360"
"278470","에이피알","KOSPI","화학","252500","-3000","-1.17","9451240387500"
"450080","에코프로머티","KOSPI","전기·전자","60200","2200","3.79","4209931924800"
"019490","엑시큐어하이트론","KOSPI","전기·전자","541","0","0.00","41349858070"
"036570","엔씨소프트","KOSPI","IT 서비스","203000","-7000","-3.33","4373436466000"
"085310","엔케이","KOSPI","금속","1329","3","0.23","104831947938"
"900140","엘브이엠씨홀딩스","KOSPI","유통","1658","40","2.47","320392636256"
"066970","엘앤에프","KOSPI","전기·전자","128100","2900","2.32","5060086298400"
"097520","엠씨넥스","KOSPI","전기·전자","26300","-800","-2.95","472965576600"
"484870","엠앤씨솔루션","KOSPI","기계·장비","118000","-3600","-2.96","1080160200000"
"014440","영보화학","KOSPI","화학","4945","115","2.38","98900000000"
"111770","영원무역","KOSPI","유통","88800","1300","1.49","3934858358400"
"009970","영원무역홀딩스","KOSPI","기타금융","166700","800","0.48","2250322807900"
"003520","영진약품","KOSPI","제약","1996","4","0.20","365053891076"
"000670","영풍","KOSPI","금속","68400","-100","-0.15","1307017980000"
"012280","영화금속","KOSPI","운송장비·부품","878","-1","-0.11","45361435390"
"012160","영흥","KOSPI","금속","539","-5","-0.92","54606290508"
"007310","오뚜기","KOSPI","음식료·담배","389000","0","0.00","1559045870000"
"002630","오리엔트바이오","KOSPI","제약","630","29","4.83","74707293150"
"271560","오리온","KOSPI","음식료·담배","106000","500","0.47","4190829992000"
"001800","오리온홀딩스","KOSPI","기타금융","19880","-370","-1.83","1245390989360"
"005320","온타이드","KOSPI","유통","472","-2","-0.42","32273325680"
"011690","와이투솔루션","KOSPI","전기·전자","3465","85","2.51","126730275210"
"316140","우리금융지주","KOSPI","기타금융","27450","900","3.39","20150394984000"
"006980","우성","KOSPI","음식료·담배","16700","180","1.09","51603000000"
"017370","우신시스템","KOSPI","기계·장비","6370","120","1.92","116660523980"
"105840","우진","KOSPI","의료·정밀기기","15320","-580","-3.65","309428304400"
"010400","우진아이엔에스","KOSPI","건설","3755","-130","-3.35","28620610000"
"049800","우진플라임","KOSPI","기계·장비","1917","-1","-0.05","38340000000"
"016880","웅진","KOSPI","일반서비스","2555","-100","-3.77","204213689400"
"095720","웅진씽크빅","KOSPI","일반서비스","1366","-20","-1.44","157781175510"
"005820","원림","KOSPI","섬유·의류","15000","-30","-0.20","34469550000"
"010600","웰바이오텍","KOSPI","유통","545","0","0.00","49553256815"
"008600","윌비스","KOSPI","유통","343","18","5.54","23061961377"
"033270","유나이티드제약","KOSPI","제약","19610","30","0.15","320306249420"
"014830","유니드","KOSPI","화학","65000","-300","-0.46","439894000000"
"446070","유니드비티플러스","KOSPI","종이·목재","3395","-15","-0.44","36025074925"
"000910","유니온","KOSPI","비금속","4310","0","0.00","67286077890"
"047400","유니온머티리얼","KOSPI","비금속","1527","90","6.26","64134000000"
"011330","유니켐","KOSPI","섬유·의류","1310","-10","-0.76","121979337380"
"077500","유니퀘스트","KOSPI","유통","6240","-60","-0.95","134784636480"
"002920","유성기업","KOSPI","운송장비·부품","2020","10","0.50","52413950000"
"000700","유수홀딩스","KOSPI","일반서비스","5850","-30","-0.51","152344600200"
"003470","유안타증권","KOSPI","증권","3720","-10","-0.27","742499262720"
"003475","유안타증권우","KOSPI","증권","3790","-5","-0.13","48937283480"
"072130","유엔젤","KOSPI","IT 서비스","5000","75","1.52","64477270000"
"000220","유유제약","KOSPI","제약","4235","-35","-0.82","72132006485"
"000225","유유제약1우","KOSPI","제약","4785","75","1.59","10847260050"
"000227","유유제약2우B","KOSPI","제약","10700","20","0.19","3483492000"
"001200","유진투자증권","KOSPI","증권","3445","-35","-1.01","333704810010"
"000100","유한양행","KOSPI","제약","121900","-100","-0.08","9748152470300"
"000105","유한양행우","KOSPI","제약","106600","-100","-0.09","125888204000"
"003460","유화증권","KOSPI","증권","2790","5","0.18","158199737850"
"003465","유화증권우","KOSPI","증권","2695","0","0.00","47098965375"
"008730","율촌화학","KOSPI","화학","29850","150","0.51","740280000000"
"008250","이건산업","KOSPI","종이·목재","4580","50","1.10","50163068300"
"025820","이구산업","KOSPI","금속","4965","145","3.01","166039530000"
"214320","이노션","KOSPI","일반서비스","18230","100","0.55","729200000000"
"088260","이리츠코크렙","KOSPI","부동산","4860","5","0.10","307840127400"
"139480","이마트","KOSPI","유통","79900","1700","2.17","2204905938100"
"457190","이수스페셜티케미컬","KOSPI","화학","52600","600","1.15","1588955528000"
"007660","이수페타시스","KOSPI","전기·전자","135300","-8700","-6.04","9932267330700"
"005950","이수화학","KOSPI","화학","9350","260","2.86","245850480150"
"015020","이스타코","KOSPI","부동산","575","13","2.31","24639670000"
"074610","이엔플러스","KOSPI","기계·장비","511","0","0.00","37494486519"
"102460","이연제약","KOSPI","제약","12570","0","0.00","233636214270"
"084680","이월드","KOSPI","기타제조","1342","7","0.52","190303911006"
"350520","이지스레지던스리츠","KOSPI","부동산","4000","0","0.00","147464808000"
"334890","이지스밸류플러스리츠","KOSPI","부동산","4415","-15","-0.34","306615935445"
"000760","이화산업","KOSPI","유통","20350","3400","20.06","56980000000"
"014990","인디에프","KOSPI","섬유·의류","940","-19","-1.98","70606215300"
"101140","인바이오젠","KOSPI","유통","11100","-510","-4.39","111490797600"
"006490","인스코비","KOSPI","통신","731","-9","-1.22","92022751527"
"023800","인지컨트롤스","KOSPI","운송장비·부품","6190","40","0.65","97858929430"
"034590","인천도시가스","KOSPI","전기·가스","26350","0","0.00","115274767900"
"129260","인터지스","KOSPI","운송·창고","2525","0","0.00","75113381850"
"023810","인팩","KOSPI","운송장비·부품","6050","-40","-0.66","60500000000"
"249420","일동제약","KOSPI","제약","27350","-2000","-6.81","865306192200"
"000230","일동홀딩스","KOSPI","제약","12920","-640","-4.72","149101968000"
"013360","일성건설","KOSPI","건설","1288","-5","-0.39","69584045440"
"003120","일성아이에스","KOSPI","제약","23500","100","0.43","312550000000"
"003200","일신방직","KOSPI","섬유·의류","12080","-310","-2.50","277356800000"
"007110","일신석재","KOSPI","유통","1671","-19","-1.12","129429995310"
"007570","일양약품","KOSPI","제약","13050","0","0.00","249067915200"
"007575","일양약품우","KOSPI","제약","12980","0","0.00","5777138400"
"008500","일정실업","KOSPI","섬유·의류","18550","0","0.00","22260000000"
"081000","일진다이아","KOSPI","화학","12420","40","0.32","176400949500"
"020760","일진디스플","KOSPI","전기·전자","902","0","0.00","46465394382"
"103590","일진전기","KOSPI","전기·전자","51800","-3100","-5.65","2470103202000"
"271940","일진하이솔루스","KOSPI","운송장비·부품","14590","100","0.69","529809442100"
"015860","일진홀딩스","KOSPI","기타금융","6890","-110","-1.57","340004157870"
"226320","잇츠한불","KOSPI","화학","11600","30","0.26","254380054000"
"317400","자이에스앤디","KOSPI","부동산","3870","145","3.89","150088352400"
"033240","자화전자","KOSPI","전기·전자","20150","2400","13.52","438396215400"
"000950","전방","KOSPI","섬유·의류","37800","0","0.00","63504000000"
"079900","전진건설로봇","KOSPI","기계·장비","47900","250","0.52","698982905500"
"348950","제이알글로벌리츠","KOSPI","부동산","2985","30","1.02","589167360000"
"194370","제이에스코퍼레이션","KOSPI","섬유·의류","11470","-330","-2.80","332822214260"
"025620","제이준코스메틱","KOSPI","화학","11300","-230","-1.99","95818350000"
"030000","제일기획","KOSPI","일반서비스","22800","150","0.66","2622939930000"
"271980","제일약품","KOSPI","제약","15750","730","4.86","231601734000"
"001560","제일연마","KOSPI","비금속","9650","-10","-0.10","94570000000"
"002620","제일파마홀딩스","KOSPI","일반서비스","8380","200","2.44","133856714900"
"006220","제주은행","KOSPI","은행","12320","150","1.23","465678222240"
"089590","제주항공","KOSPI","운송·창고","5370","-50","-0.92","433042089450"
"004910","조광페인트","KOSPI","화학","4930","-20","-0.40","63104000000"
"004700","조광피혁","KOSPI","섬유·의류","70400","-300","-0.42","468099315200"
"001550","조비","KOSPI","화학","11050","-160","-1.43","57374240950"
"462520","조선내화","KOSPI","비금속","14080","50","0.36","166920765440"
"120030","조선선재","KOSPI","금속","98900","-100","-0.10","124381683900"
"018470","조일알미늄","KOSPI","금속","1295","19","1.49","163988078695"
"002600","조흥","KOSPI","음식료·담배","149400","-1900","-1.26","89640000000"
"185750","종근당","KOSPI","제약","87700","200","0.23","1210503806000"
"063160","종근당바이오","KOSPI","제약","21200","-50","-0.24","116302394400"
"001630","종근당홀딩스","KOSPI","제약","49200","100","0.20","246485161200"
"109070","주성코퍼레이션","KOSPI","전기·전자","850","-5","-0.58","44888695500"
"044380","주연테크","KOSPI","전기·전자","437","-5","-1.13","28178451334"
"013890","지누스","KOSPI","기타제조","11860","-170","-1.41","263939271360"
"013870","지엠비코리아","KOSPI","운송장비·부품","3935","115","3.01","75049421800"
"071320","지역난방공사","KOSPI","전기·가스","105600","-2300","-2.13","1222715366400"
"088790","진도","KOSPI","유통","2025","35","1.76","25206681600"
"003780","진양산업","KOSPI","화학","6600","-180","-2.65","85800000000"
"010640","진양폴리","KOSPI","화학","3435","-890","-20.58","34350000000"
"100250","진양홀딩스","KOSPI","화학","3330","-10","-0.30","186131322360"
"051630","진양화학","KOSPI","화학","2505","-70","-2.72","53106000000"
"272450","진에어","KOSPI","운송·창고","6660","-40","-0.60","347652000000"
"011000","진원생명과학","KOSPI","제약","2095","-55","-2.56","178933815920"
"002780","진흥기업","KOSPI","건설","647","2","0.31","94120219015"
"002787","진흥기업2우B","KOSPI","건설","8210","280","3.53","2420373680"
"002785","진흥기업우B","KOSPI","건설","3700","60","1.65","3171706600"
"009310","참엔지니어링","KOSPI","기계·장비","1183","-24","-1.99","20079630389"
"000650","천일고속","KOSPI","운송·창고","236500","0","0.00","338010530000"
"033250","체시스","KOSPI","운송장비·부품","1048","-6","-0.57","33536000000"
"035720","카카오","KOSPI","IT 서비스","59500","800","1.36","26321857401000"
"323410","카카오뱅크","KOSPI","은행","21650","0","0.00","10326842961050"
"377300","카카오페이","KOSPI","기타금융","49150","-450","-0.91","6642117336300"
"006380","카프로","KOSPI","화학","3660","0","0.00","618539985360"
"001620","케이비아이동국실업","KOSPI","운송장비·부품","480","-3","-0.62","53420654880"
"029460","케이씨","KOSPI","의료·정밀기기","26300","1200","4.78","347982216900"
"281820","케이씨텍","KOSPI","의료·정밀기기","40650","800","2.01","841061629950"
"381970","케이카","KOSPI","유통","16350","150","0.93","798220864800"
"145270","케이탑리츠","KOSPI","부동산","966","3","0.31","46426707684"
"417310","코람코더원리츠","KOSPI","부동산","7370","280","3.95","297748000000"
"357120","코람코라이프인프라리츠","KOSPI","부동산","4435","5","0.11","431682294990"
"007815","코리아써우","KOSPI","전기·전자","10910","680","6.65","32344767900"
"007810","코리아써키트","KOSPI","전기·전자","36150","4900","15.68","853890148650"
"00781K","코리아써키트2우B","KOSPI","전기·전자","9310","670","7.75","7296237690"
"003690","코리안리","KOSPI","보험","11600","10","0.09","2259923959600"
"192820","코스맥스","KOSPI","화학","163400","-2600","-1.57","1854509770600"
"044820","코스맥스비티아이","KOSPI","기타금융","13790","-40","-0.29","132438070590"
"005070","코스모신소재","KOSPI","화학","50600","950","1.91","1645044253600"
"005420","코스모화학","KOSPI","화학","16780","-190","-1.12","644490065840"
"071950","코아스","KOSPI","기타제조","3860","-870","-18.39","44002235980"
"002020","코오롱","KOSPI","기타금융","54100","-1400","-2.52","683089646600"
"138490","코오롱ENP","KOSPI","화학","7460","-50","-0.67","283480000000"
"003070","코오롱글로벌","KOSPI","건설","9270","80","0.87","175506249510"
"003075","코오롱글로벌우","KOSPI","건설","15350","-50","-0.32","11370312950"
"450140","코오롱모빌리티그룹","KOSPI","유통","10190","-1010","-9.02","639700177500"
"45014K","코오롱모빌리티그룹우","KOSPI","유통","16140","-1360","-7.77","39641776800"
"002025","코오롱우","KOSPI","기타금융","28000","-100","-0.36","30138920000"
"120110","코오롱인더","KOSPI","화학","40600","-200","-0.49","1117275094600"
"120115","코오롱인더우","KOSPI","화학","24200","0","0.00","66982212000"
"021240","코웨이","KOSPI","일반서비스","86200","200","0.23","6198567264600"
"036420","콘텐트리중앙","KOSPI","오락·문화","9640","170","1.80","185688649120"
"024720","콜마홀딩스","KOSPI","기타금융","10180","-260","-2.49","349135916620"
"192400","쿠쿠홀딩스","KOSPI","기타금융","29700","1050","3.66","1056196894500"
"284740","쿠쿠홈시스","KOSPI","일반서비스","25350","450","1.81","568786315500"
"264900","크라운제과","KOSPI","음식료·담배","9100","0","0.00","113967035000"
"26490K","크라운제과우","KOSPI","음식료·담배","9480","-60","-0.63","7333348800"
"005740","크라운해태홀딩스","KOSPI","기타금융","6870","20","0.29","102001273890"
"005745","크라운해태홀딩스우","KOSPI","기타금융","7700","20","0.26","4625590200"
"259960","크래프톤","KOSPI","IT 서비스","252000","-5500","-2.14","11945299212000"
"020120","키다리스튜디오","KOSPI","IT 서비스","3650","-25","-0.68","135282745900"
"039490","키움증권","KOSPI","증권","270500","-2500","-0.92","7189971150000"
"014580","태경비케이","KOSPI","비금속","4970","60","1.22","137088007000"
"015890","태경산업","KOSPI","화학","5210","50","0.97","152281787500"
"006890","태경케미컬","KOSPI","화학","8190","110","1.36","95004000000"
"003240","태광산업","KOSPI","화학","804000","-3000","-0.37","895173600000"
"011280","태림포장","KOSPI","종이·목재","1716","-16","-0.92","121502993040"
"004100","태양금속","KOSPI","운송장비·부품","2445","25","1.03","89731500000"
"004105","태양금속우","KOSPI","운송장비·부품","3300","15","0.46","10890000000"
"009410","태영건설","KOSPI","건설","1681","-28","-1.64","500248921118"
"009415","태영건설우","KOSPI","건설","4900","0","0.00","3184872600"
"001420","태원물산","KOSPI","운송장비·부품","3270","-135","-3.96","24852000000"
"055490","테이팩스","KOSPI","화학","16030","150","0.94","76457489500"
"078000","텔코웨어","KOSPI","IT 서비스","15980","-320","-1.96","147656430460"
"214420","토니모리","KOSPI","화학","8290","60","0.73","199414283710"
"019180","티에이치엔","KOSPI","전기·전자","7470","690","10.18","134460000000"
"363280","티와이홀딩스","KOSPI","기타금융","2765","185","7.17","139436926020"
"36328K","티와이홀딩스우","KOSPI","기타금융","4630","180","4.04","5755154820"
"091810","티웨이항공","KOSPI","운송·창고","1600","13","0.82","435468520000"
"004870","티웨이홀딩스","KOSPI","비금속","443","-5","-1.12","50131427842"
"034230","파라다이스","KOSPI","오락·문화","18040","990","5.81","1666996284360"
"005690","파미셀","KOSPI","제약","16300","-810","-4.73","978276513200"
"036580","팜스코","KOSPI","음식료·담배","2510","-15","-0.59","92187136930"
"004720","팜젠사이언스","KOSPI","제약","4080","45","1.12","76778504880"
"028670","팬오션","KOSPI","운송·창고","3940","170","4.51","2106203877280"
"010820","퍼스텍","KOSPI","금속","3905","-125","-3.10","190454417890"
"016800","퍼시스","KOSPI","기타제조","45050","-400","-0.88","518075000000"
"001020","페이퍼코리아","KOSPI","종이·목재","610","-29","-4.54","108569820930"
"090080","평화산업","KOSPI","운송장비·부품","928","-2","-0.22","50949296352"
"010770","평화홀딩스","KOSPI","운송장비·부품","3900","70","1.83","57039317400"
"022100","포스코DX","KOSPI","일반서비스","25900","500","1.97","3937699481100"
"058430","포스코스틸리온","KOSPI","금속","38050","-300","-0.78","228300000000"
"047050","포스코인터내셔널","KOSPI","유통","53300","-300","-0.56","9376684600400"
"003670","포스코퓨처엠","KOSPI","전기·전자","209000","2500","1.21","18589759980000"
"017810","풀무원","KOSPI","음식료·담배","13320","-200","-1.48","507765619440"
"103140","풍산","KOSPI","금속","97300","-1900","-1.92","2726762249400"
"005810","풍산홀딩스","KOSPI","기타금융","36200","-850","-2.29","521905970400"
"950210","프레스티지바이오파마","KOSPI","일반서비스","13400","300","2.29","805288477000"
"009810","플레이그램","KOSPI","유통","271","1","0.37","41161512500"
"086790","하나금융지주","KOSPI","기타금융","94400","1100","1.18","26273956841600"
"293480","하나제약","KOSPI","제약","11610","30","0.26","206343903060"
"039130","하나투어","KOSPI","일반서비스","46450","-750","-1.59","719507341400"
"352820","하이브","KOSPI","오락·문화","292000","-7500","-2.50","12427553288000"
"071090","하이스틸","KOSPI","금속","3590","-55","-1.51","72487380890"
"000080","하이트진로","KOSPI","음식료·담배","18910","100","0.53","1326226584010"
"000087","하이트진로2우B","KOSPI","음식료·담배","15500","20","0.13","17517139000"
"000140","하이트진로홀딩스","KOSPI","기타금융","10060","-40","-0.40","233460055900"
"000145","하이트진로홀딩스우","KOSPI","기타금융","12540","-100","-0.79","5903957400"
"152550","한국ANKOR유전","KOSPI","기타금융","223","-1","-0.45","15614460000"
"036460","한국가스공사","KOSPI","전기·가스","41250","-250","-0.60","3807911250000"
"005430","한국공항","KOSPI","운송·창고","59900","-1000","-1.64","189664664500"
"071050","한국금융지주","KOSPI","기타금융","159300","-1100","-0.69","8877150525600"
"071055","한국금융지주우","KOSPI","기타금융","122000","-300","-0.25","714706622000"
"010040","한국내화","KOSPI","비금속","2085","-5","-0.24","85624824270"
"025540","한국단자","KOSPI","전기·전자","61500","-500","-0.81","622072500000"
"010100","한국무브넥스","KOSPI","운송장비·부품","3820","15","0.39","116320604400"
"004090","한국석유","KOSPI","비금속","14340","340","2.43","182033680800"
"002200","한국수출포장","KOSPI","종이·목재","3155","10","0.32","126200000000"
"002960","한국쉘석유","KOSPI","화학","464000","-1500","-0.32","603200000000"
"000240","한국앤컴퍼니","KOSPI","기타금융","28200","-1650","-5.53","2677173768000"
"123890","한국자산신탁","KOSPI","기타금융","2500","30","1.21","305934815000"
"015760","한국전력","KOSPI","전기·가스","50100","-2400","-4.57","32162400257700"
"006200","한국전자홀딩스","KOSPI","기타금융","674","6","0.90","31545313664"
"027970","한국제지","KOSPI","종이·목재","737","1","0.14","140161360669"
"023350","한국종합기술","KOSPI","일반서비스","4550","-115","-2.47","49822500000"
"025890","한국주강","KOSPI","기계·장비","1675","4","0.24","18943008825"
"000970","한국주철관","KOSPI","금속","7190","10","0.14","163935595000"
"104700","한국철강","KOSPI","금속","10000","-80","-0.79","364500000000"
"017960","한국카본","KOSPI","금속","26750","-550","-2.01","1388551091000"
"161890","한국콜마","KOSPI","화학","65400","-1300","-1.95","1543772035800"
"161390","한국타이어앤테크놀로지","KOSPI","화학","60100","-1400","-2.28","7444891646900"
"034830","한국토지신탁","KOSPI","기타금융","1309","-9","-0.68","330508402070"
"007280","한국특강","KOSPI","금속","1467","-14","-0.95","89213127237"
"047810","한국항공우주","KOSPI","운송장비·부품","107000","-1900","-1.74","10429836449000"
"123690","한국화장품","KOSPI","유통","10070","-60","-0.59","161804760000"
"003350","한국화장품제조","KOSPI","화학","51900","-400","-0.76","235210800000"
"011500","한농화성","KOSPI","화학","15410","90","0.59","240966817220"
"002390","한독","KOSPI","제약","11850","-50","-0.42","163097866050"
"053690","한미글로벌","KOSPI","일반서비스","17590","-230","-1.29","192743304500"
"042700","한미반도체","KOSPI","기계·장비","121700","-1900","-1.54","11599494740000"
"008930","한미사이언스","KOSPI","기타금융","38700","-150","-0.39","2646752985000"
"128940","한미약품","KOSPI","제약","451000","-5500","-1.20","5777756941000"
"009240","한샘","KOSPI","유통","46050","600","1.32","1083737384400"
"020000","한섬","KOSPI","섬유·의류","15600","30","0.19","350028853200"
"003680","한성기업","KOSPI","음식료·담배","5860","80","1.38","36387757900"
"105630","한세실업","KOSPI","섬유·의류","13070","170","1.32","522800000000"
"069640","한세엠케이","KOSPI","유통","669","2","0.30","29975549838"
"016450","한세예스24홀딩스","KOSPI","섬유·의류","4230","0","0.00","169200000000"
"009180","한솔로지스틱스","KOSPI","운송·창고","2695","5","0.19","75879948375"
"213500","한솔제지","KOSPI","종이·목재","8430","0","0.00","200638855680"
"014680","한솔케미칼","KOSPI","화학","248000","10000","4.20","2811128360000"
"004710","한솔테크닉스","KOSPI","전기·전자","6000","-150","-2.44","192659268000"
"004150","한솔홀딩스","KOSPI","기타금융","3095","-35","-1.12","126977388900"
"025750","한솔홈데코","KOSPI","종이·목재","636","-4","-0.63","51239434764"
"004960","한신공영","KOSPI","건설","8360","0","0.00","96731068720"
"011700","한신기계","KOSPI","기계·장비","3055","-45","-1.45","99122991305"
"001750","한양증권","KOSPI","증권","19180","430","2.29","244133282120"
"001755","한양증권우","KOSPI","증권","18900","210","1.12","9922500000"
"018880","한온시스템","KOSPI","기계·장비","3625","-140","-3.72","2460514251000"
"009420","한올바이오파마","KOSPI","제약","55200","8400","17.95","2883683217600"
"014130","한익스프레스","KOSPI","운송·창고","3285","-15","-0.45","39420000000"
"300720","한일시멘트","KOSPI","비금속","17370","-180","-1.03","1277480280330"
"002220","한일철강","KOSPI","금속","4310","-60","-1.37","115066052600"
"003300","한일홀딩스","KOSPI","비금속","16330","30","0.18","503500995720"
"051600","한전KPS","KOSPI","건설","52900","-400","-0.75","2380500000000"
"052690","한전기술","KOSPI","일반서비스","89600","-2400","-2.61","3424512000000"
"130660","한전산업","KOSPI","일반서비스","11040","-50","-0.45","359904000000"
"002320","한진","KOSPI","운송·창고","19660","-140","-0.71","299520296600"
"003480","한진중공업홀딩스","KOSPI","전기·가스","4640","0","0.00","137018327680"
"180640","한진칼","KOSPI","기타금융","101800","-600","-0.59","6796400002200"
"18064K","한진칼우","KOSPI","기타금융","33700","0","0.00","18089014200"
"005110","한창","KOSPI","유통","1254","0","0.00","26467434378"
"009460","한창제지","KOSPI","종이·목재","525","5","0.96","31325430150"
"372910","한컴라이프케어","KOSPI","의료·정밀기기","3430","790","29.92","94923212580"
"000880","한화","KOSPI","화학","78900","-500","-0.63","5914244191500"
"00088K","한화3우B","KOSPI","화학","36600","650","1.81","710202540600"
"452260","한화갤러리아","KOSPI","유통","1079","4","0.37","209174519190"
"45226K","한화갤러리아우","KOSPI","유통","2060","-30","-1.44","5983208200"
"451800","한화리츠","KOSPI","부동산","4070","-50","-1.21","730972000000"
"489790","한화비전","KOSPI","전기·전자","44150","800","1.85","2229062418500"
"088350","한화생명","KOSPI","보험","3000","-10","-0.33","2605590000000"
"000370","한화손해보험","KOSPI","보험","5210","-40","-0.76","608209747150"
"009830","한화솔루션","KOSPI","화학","27700","-250","-0.89","4761423247200"
"009835","한화솔루션우","KOSPI","화학","21150","-100","-0.47","54468631350"
"272210","한화시스템","KOSPI","전기·전자","45350","-850","-1.84","8567494291150"
"012450","한화에어로스페이스","KOSPI","운송장비·부품","813000","-39000","-4.58","41921045013000"
"082740","한화엔진","KOSPI","기계·장비","41500","-700","-1.66","3463056393000"
"042660","한화오션","KOSPI","운송장비·부품","105000","-2800","-2.60","32173406370000"
"003530","한화투자증권","KOSPI","증권","4740","-160","-3.27","1016956453500"
"003535","한화투자증권우","KOSPI","증권","8230","-160","-1.91","39504000000"
"195870","해성디에스","KOSPI","전기·전자","52700","3850","7.88","895900000000"
"101530","해태제과식품","KOSPI","음식료·담배","6890","120","1.77","200614903580"
"143210","핸즈코퍼레이션","KOSPI","운송장비·부품","1402","3","0.21","30669797294"
"000720","현대건설","KOSPI","건설","64100","-2900","-4.33","7137904536500"
"000725","현대건설우","KOSPI","건설","52600","-1600","-2.95","55476851800"
"453340","현대그린푸드","KOSPI","유통","15220","-360","-2.31","499510446120"
"086280","현대글로비스","KOSPI","운송·창고","163000","-1400","-0.85","12225000000000"
"064350","현대로템","KOSPI","운송장비·부품","170400","-5300","-3.02","18597846727200"
"079430","현대리바트","KOSPI","기타제조","6140","-30","-0.49","126086631480"
"012330","현대모비스","KOSPI","운송장비·부품","303500","-6000","-1.94","27537338940500"
"069960","현대백화점","KOSPI","유통","97200","6000","6.58","2199520623600"
"004560","현대비앤지스틸","KOSPI","금속","10800","30","0.28","162851158800"
"004310","현대약품","KOSPI","제약","3665","-35","-0.95","117280000000"
"017800","현대엘리베이터","KOSPI","기계·장비","87700","900","1.04","3428402164500"
"307950","현대오토에버","KOSPI","IT 서비스","196800","-5200","-2.57","5397039657600"
"011210","현대위아","KOSPI","운송장비·부품","59600","-2600","-4.18","1620826946800"
"004020","현대제철","KOSPI","금속","30050","-150","-0.50","4010045839250"
"005440","현대지에프홀딩스","KOSPI","기타금융","8010","-10","-0.12","1248793451010"
"005380","현대차","KOSPI","운송장비·부품","254500","-7000","-2.68","52110851447000"
"005387","현대차2우B","KOSPI","운송장비·부품","191800","-2900","-1.49","6706081774000"
"005389","현대차3우B","KOSPI","운송장비·부품","188000","-4700","-2.44","437560976000"
"005385","현대차우","KOSPI","운송장비·부품","188400","-4100","-2.13","4397436864000"
"001500","현대차증권","KOSPI","증권","8070","-50","-0.62","498992665080"
"011760","현대코퍼레이션","KOSPI","유통","21850","-300","-1.35","289052907100"
"227840","현대코퍼레이션홀딩스","KOSPI","유통","12130","-20","-0.16","110393140680"
"126560","현대퓨처넷","KOSPI","통신","3150","-5","-0.16","347139276750"
"001450","현대해상","KOSPI","보험","30000","-50","-0.17","2682000000000"
"057050","현대홈쇼핑","KOSPI","유통","55400","600","1.09","664800000000"
"093240","형지엘리트","KOSPI","섬유·의류","1367","42","3.17","52479484053"
"003010","혜인","KOSPI","유통","5250","-50","-0.94","66741921750"
"111110","호전실업","KOSPI","섬유·의류","8000","-10","-0.12","75008000000"
"008770","호텔신라","KOSPI","유통","46200","700","1.54","1813263190200"
"008775","호텔신라우","KOSPI","유통","38450","-100","-0.26","28909747550"
"378850","화승알앤에이","KOSPI","운송장비·부품","3220","-30","-0.92","61159466060"
"241590","화승엔터프라이즈","KOSPI","섬유·의류","4985","-25","-0.50","302037540860"
"006060","화승인더","KOSPI","유통","3925","65","1.68","217131000000"
"013520","화승코퍼레이션","KOSPI","운송장비·부품","2140","10","0.47","107109679280"
"010690","화신","KOSPI","운송장비·부품","8080","-70","-0.86","282156912800"
"133820","화인베스틸","KOSPI","금속","1818","0","0.00","67474164636"
"010660","화천기계","KOSPI","기계·장비","4775","-15","-0.31","105050000000"
"000850","화천기공","KOSPI","기계·장비","32050","50","0.16","70510000000"
"016580","환인제약","KOSPI","제약","11560","50","0.43","215016809200"
"032560","황금에스티","KOSPI","금속","5940","-130","-2.14","100980000000"
"004800","효성","KOSPI","기타금융","126800","-3900","-2.98","2122683607600"
"094280","효성ITX","KOSPI","일반서비스","12870","70","0.55","148754034000"
"298040","효성중공업","KOSPI","전기·전자","1806000","-95000","-5.00","16840133688000"
"298020","효성티앤씨","KOSPI","화학","220000","-1500","-0.68","952090040000"
"298000","효성화학","KOSPI","화학","38900","0","0.00","147501447900"
"093370","후성","KOSPI","화학","8290","-90","-1.07","889146685700"
"005870","휴니드","KOSPI","전기·전자","7720","0","0.00","108975635800"
"079980","휴비스","KOSPI","화학","2685","-25","-0.92","92632500000"
"005010","휴스틸","KOSPI","금속","4040","-20","-0.49","226999823000"
"000540","흥국화재","KOSPI","보험","3685","25","0.68","236734146825"
"000545","흥국화재우","KOSPI","보험","6950","10","0.14","5337600000"
"003280","흥아해운","KOSPI","운송·창고","1625","21","1.31","390690460875"